name;competence;willingness
alice;0.19425460589329813;0.19425460589329813
